Category,Item,Status,Priority,Notes,Date Completed
SEO,robots.txt,Complete,High,Blocks admin/api/auth paths - allows sitemap,2026-03-11
SEO,sitemap.xml (dynamic),Complete,High,Auto-generates from Supabase: posts/speakers/sponsors + static pages,2026-03-11
SEO,Root metadata (title/desc/keywords),Complete,High,Global fallback metadata in app/layout.tsx,Existing
SEO,Open Graph - Homepage,Pending,High,Needs OG image and full metadata,
SEO,Open Graph - Events Hub,Complete,High,Full OG/Twitter/JSON-LD,2026-03-11
SEO,Open Graph - Cyber First Series,Complete,High,Full OG/Twitter/JSON-LD EventSeries,2026-03-11
SEO,Open Graph - Cyber First Kuwait,Complete,High,Full OG/Twitter/JSON-LD Event,Existing
SEO,Open Graph - Cyber First India,Complete,High,Full OG/Twitter/JSON-LD Event,2026-03-11
SEO,Open Graph - Cyber First Kenya,Complete,High,Full OG/Twitter/JSON-LD Event,2026-03-11
SEO,Open Graph - Data AI First Series,Complete,High,Full OG/Twitter/JSON-LD EventSeries,2026-03-11
SEO,Open Graph - Data AI First Kuwait,Complete,High,Full OG/Twitter/JSON-LD Event,Existing
SEO,Open Graph - OPEX First Series,Complete,High,Full OG/Twitter/JSON-LD EventSeries,2026-03-11
SEO,Open Graph - OT Security First Series,Complete,High,Full OG/Twitter/JSON-LD EventSeries,2026-03-11
SEO,Canonical URLs,Partial,Medium,Added to event pages - needs homepage/about/contact,
SEO,Favicon/App Icons,Missing,High,No favicon.ico or apple-touch-icon found,
SEO,Structured Data - Events,Complete,High,JSON-LD Event/EventSeries on all event pages,2026-03-11
SEO,Structured Data - Organization,Complete,Medium,JSON-LD Organization on /events,2026-03-11
SEO,Structured Data - Breadcrumbs,Missing,Low,Could add BreadcrumbList schema,
SEO,Meta viewport,Auto,High,Next.js handles automatically,N/A
SEO,Language attribute,Complete,High,html lang="en" in root layout,Existing
Pages,Homepage (/),Complete,High,Hero + Impact + Series Showcase + Timeline + Gallery,Existing
Pages,About (/about),Complete,Medium,Company information page,Existing
Pages,Contact (/contact),Complete,Medium,Contact form page,Existing
Pages,Events Hub (/events),Complete,High,All events listing with filtering,Existing
Pages,Privacy Policy (/privacy),Complete,Low,Legal page,Existing
Pages,Terms of Service (/terms),Complete,Low,Legal page,Existing
Pages,Insights Hub (/insights),Complete,High,Blog/articles listing from Supabase,Existing
Pages,Insights Detail (/insights/[slug]),Complete,High,Dynamic article pages,Existing
Pages,Speakers Hub (/speakers),Complete,Medium,All speakers listing from Supabase,Existing
Pages,Speaker Detail (/speakers/[slug]),Complete,Medium,Dynamic speaker profiles,Existing
Pages,Sponsors Hub (/sponsors-and-partners),Complete,Medium,All sponsors listing from Supabase,Existing
Pages,Sponsor Detail (/sponsors-and-partners/[slug]),Complete,Medium,Dynamic sponsor profiles,Existing
Pages,Network First (/network-first),Complete,Medium,Networking platform page,Existing
Events,Cyber First Series Landing,Complete,High,Series overview with editions map,Existing
Events,Cyber First Kuwait 2026,Complete,High,Full event page with registration,Existing
Events,Cyber First India 2026,Complete,High,Full event page with registration,Existing
Events,Cyber First Kenya 2026,Complete,High,Full event page with registration,Existing
Events,Data AI First Series Landing,Complete,High,Series overview,Existing
Events,Data AI First Kuwait 2026,Complete,High,Full event page with registration,Existing
Events,OPEX First Series Landing,Complete,High,Series overview,Existing
Events,OT Security First Series Landing,Complete,High,Series overview (placeholder),Existing
Auth,Login Page,Complete,Medium,Supabase Auth integration,Existing
Auth,Signup Page,Complete,Medium,User registration,Existing
Auth,Complete Profile,Complete,Medium,Profile completion flow,Existing
Auth,Profile Page,Complete,Medium,User profile management,Existing
Auth,Portal Page,Complete,Medium,User dashboard,Existing
Admin,Admin Dashboard,Complete,Medium,Main admin panel,Existing
Admin,Events Management,Complete,Medium,CRUD for events,Existing
Admin,Sponsors Management,Complete,Medium,CRUD for sponsors,Existing
Admin,Team Management,Complete,Medium,CRUD for team members,Existing
Admin,Users Management,Complete,Medium,User administration,Existing
Admin,Registrations Management,Complete,Medium,View/manage registrations,Existing
Components,Navigation,Complete,High,Responsive nav with mobile menu,Existing
Components,Footer,Complete,High,Site-wide footer,Existing
Components,WhatsApp Button,Complete,Medium,Floating WhatsApp CTA,Existing
Components,Registration Forms,Complete,High,Event registration with validation,Existing
Components,Inquiry Form,Complete,Medium,General inquiry form,Existing
Components,Photo Galleries,Complete,Medium,Event photo galleries per series,Existing
Components,Countdown Timers,Complete,Medium,Event countdown displays,Existing
Components,Speakers Grid,Complete,Medium,CMS-driven speaker displays,Existing
Components,Sponsors Wall,Complete,Medium,CMS-driven sponsor displays,Existing
Effects,Cursor Glow,Complete,Low,Custom cursor effect,Existing
Effects,Smooth Scroll,Complete,Low,Lenis smooth scrolling,Existing
Effects,Section Transitions,Complete,Low,Animated section dividers,Existing
Effects,Neural Constellation,Complete,Low,Background animation effect,Existing
Effects,Dot Matrix Grid,Complete,Low,Background pattern effect,Existing
Database,Supabase Integration,Complete,High,Full Supabase backend,Existing
Database,Posts Table,Complete,High,Blog/insights content,Existing
Database,Speakers Table,Complete,High,Speaker profiles,Existing
Database,Sponsors Table,Complete,High,Sponsor profiles,Existing
Database,Form Submissions Table,Complete,High,Registration/inquiry storage,Existing
Database,User Profiles Table,Complete,Medium,User management,Existing
Performance,Image Optimization,Complete,High,Next.js Image with remote patterns,Existing
Performance,Font Optimization,Complete,Medium,Google Fonts with display swap,Existing
Performance,Static Generation,Complete,High,Most pages pre-rendered,Existing
Deployment,Vercel Hosting,Complete,High,Production deployment,Existing
Deployment,Custom Domain,Pending,High,eventsfirstgroup.com - needs verification,
